publishedAt,title,risk_score,entities,source,url,description
2025-10-31T07:14:10Z,"Europe braces, Honda halts output in widening Nexperia crisis",3,"['China (GPE)', 'Honda (ORG)', 'Europe (LOC)', 'Netherlands (GPE)', 'Nexperia (GPE)']",Digitimes,https://www.digitimes.com/news/a20251030VL218/nexperia-europe-honda-production-vehicle.html,"A deepening dispute over Nexperia, the China-backed semiconductor maker based in the Netherlands, has triggered a fresh global supply chain crisis for the auto industry. Following a Dutch government intervention that froze exports of its China-made chips, Eur…"
2025-10-31T00:00:00Z,"Slimboy flat: Apple, Samsung slow production, offer discounts, halt launches as lightweight models fail to get off the ground",3,"['Apple (ORG)', ""the iPhone Air— Apple's (ORG)"", 'Samsung (ORG)']",The Times of India,https://economictimes.indiatimes.com/industry/cons-products/electronics/slimboy-flat-apple-samsung-slow-production-offer-discounts-halt-launches-as-lightweight-models-fail-to-get-off-the-ground/articleshow/124968586.cms,"Retailers ET spoke to said initially, the iPhone Air— Apple's thinnest smartphone ever—contributed about 8-10% of the latest iPhone 17 series sales. The share however subsequently slipped to 2-3% during the peak festive period at a time when smartphone demand…"
2025-10-31T08:00:00Z,"Whether the target is drugs or Maduro, U.S. could be hindering its own military with deadly boat strikes",2,"['Pentagon (ORG)', 'Latin America (LOC)', 'U.S. (GPE)', 'Maduro (ORG)']",CBC News,https://www.cbc.ca/news/world/us-hegseth-three-deadly-boat-strikes-pacific-9.6959714,"An anonymous Pentagon employee and a retired air force colonel are expressing concerns this week that the U.S. focus on alleged drug-carrying boats in waters near Latin America could affect American military might around the world, and serve as a precedent fo…"
2025-10-31T06:01:22Z,"Samsung Strikes a Crucial Deal with NVIDIA For Next-Gen HBM4 AI Memory, Validating Its Process as the Industry’s Fastest With 11 Gbps Speeds",2,"['Surpass JEDEC Processing Speed Standards, Leading (ORG)', 'AI (GPE)', 'Samsung (ORG)', 'HBM4 Modules Manage (ORG)']",Wccftech,https://wccftech.com/samsung-strikes-a-crucial-deal-with-nvidia-for-next-gen-hbm4-ai-memory/,"Samsung has secured a crucial 'HBM4 supply' deal with NVIDIA, as both firms announce their collaboration on cutting-edge technologies to drive the AI hype. Samsung's HBM4 Modules Manage to Surpass JEDEC Processing Speed Standards, Leading to a Pivotal Adoptio…"
2025-10-31T02:20:30Z,China's rare earth export delay offers US chance to weaken Beijing's grip on market,2,"['China (GPE)', 'US (GPE)', 'Beijing (GPE)']",The Times of India,https://economictimes.indiatimes.com/news/international/world-news/chinas-rare-earth-export-delay-offers-us-chance-to-weaken-beijings-grip-on-market/articleshow/124980133.cms,China's pause on new rare earth export curbs provides a year for the US and its allies. This allows them to strengthen their own production and processing. Investments are being made in domestic rare earth industries. Efforts are underway to diversify supply …
2025-10-31T00:30:06Z,This Pune firm cracks rare earth code—but India’s magnet shortage persists,2,['India (GPE)'],Livemint,https://www.livemint.com/industry/ashvini-magnets-rare-earth-code-magnet-shortage-vikram-dhoot-neodymium-praseodymium-china-barc-irel-japan-evs-11761829353952.html,"The firm has launched India's first rare earth metals plant, producing 15 tonnes monthly. This step supports self-reliance in critical materials but highlights India's reliance on imports for high-powered magnets.&nbsp;"
2025-10-31T04:32:04Z,"China's Xi urges Asian nations to keep supply chains stable, work together during ‘turbulent’ times",2,"['China (GPE)', 'Xi (ORG)', 'U.S. (GPE)', 'Asia-Pacific (LOC)']",Biztoc.com,https://biztoc.com/x/dd85275c4ce84ab0,"A day after securing a deal for rollback of U.S. tariffs, Chinese President Xi Jinping called on Asia-Pacific countries to support free trade, and maintain supply chain stability.
""The more turbulent the times, the more we must work together,"" Xi said in a Ch…"
2025-10-31T06:41:59Z,Top India solar exporter rejigs supply chain to bypass US tariff,2,"['US (GPE)', 'India (GPE)']",The Times of India,https://economictimes.indiatimes.com/industry/renewables/waaree-energies-top-india-solar-exporter-rejigs-supply-chain-to-bypass-us-trump-tariff/articleshow/124986778.cms,"India's top solar maker, Waaree Energies, is reconfiguring its supply chain to bypass steep US import tariffs. The company is sourcing solar cells from countries with low export tariffs to the US, aiming to continue supplying its largest market. This strategy…"
2025-10-31T06:00:33Z,Top India Solar Exporter Rejigs Supply Chain to Bypass US Tariff,2,"['Top India Solar (ORG)', 'Bypass US Tariff (ORG)']",Biztoc.com,https://biztoc.com/x/f6fc09be883ec073,
2025-10-31T07:36:22Z,China’s Xi defends multilateralism at APEC after striking deal with Trump,2,"['Trump (ORG)', 'China (GPE)', 'US (GPE)', 'APEC (ORG)']",Al Jazeera English,https://www.aljazeera.com/news/2025/10/31/chinas-xi-defends-multilateralism-at-apec-after-striking-deal-with-trump,Beijing is positioning itself as defender of free trade as US tariffs disrupt global economy and Trump skips summit.
2025-10-30T23:29:53Z,세부 사항 부족과 미중 합의 확실성,2,"['US (GPE)', 'summit.@EngleTV (ORG)']",Tistory.com,https://ryueyes11.tistory.com/511955,"US President Donald Trump and Chinese President Xi Jinping agreed to extend a tariff truce, roll back export controls and reduce other trade barriers in a landmark summit.@EngleTV outlines the key outcomes from the meeting https://t.co/QI4JVcQj9i pic.twitter.…"
2025-10-31T11:00:00Z,"Frozen Dessert Market Size to be Worth USD 198.20 Billion by 2034, Driven by Health Trends, Innovation, and Regional Growth",0,"['Driven by Health Trends, Innovation (ORG)', 'Worth USD 198.20 Billion (ORG)']",GlobeNewswire,https://www.globenewswire.com/news-release/2025/10/31/3178222/0/en/Frozen-Dessert-Market-Size-to-be-Worth-USD-198-20-Billion-by-2034-Driven-by-Health-Trends-Innovation-and-Regional-Growth.html,"According to Towards FnB, the global frozen dessert market size is calculated at USD 136.87 billion in 2025 and is anticipated to surge USD 198.20 billion by 2034, reflecting at a CAGR of 4.2% from 2025 to 2034. The industry’s growth is primarily driven by te…"
2025-10-31T11:00:00Z,September 2025 Quarterly Activities Report,0,[],GlobeNewswire,https://www.globenewswire.com/news-release/2025/10/31/3178226/0/en/September-2025-Quarterly-Activities-Report.html,September Quarterly Activities Report......
2025-10-31T10:59:50Z,"ICEA, GSA forge strategic partnership to boost India's global semiconductor role",0,"['the Global Semiconductor Alliance (ORG)', 'the India Cellular and Electronics Association (ORG)', 'GSA (ORG)', 'India (GPE)']",The Times of India,https://economictimes.indiatimes.com/industry/cons-products/electronics/icea-gsa-forge-strategic-partnership-to-boost-indias-global-semiconductor-role/articleshow/124992395.cms,India is poised for a semiconductor revolution as the India Cellular and Electronics Association teams up with the Global Semiconductor Alliance. This strategic alliance is set to weave India into the fabric of the global semiconductor supply chain. By promot…
2025-10-31T10:31:37Z,"Shreeji Global FMCG IPO to open on Nov 4, raise ₹85 cr",0,['IPO (ORG)'],BusinessLine,https://www.thehindubusinessline.com/markets/shreeji-global-fmcg-ipo-to-open-on-nov-4-raise-85-cr/article70225075.ece,"Shreeji Global FMCG's IPO opens on Nov 4, aiming to raise ₹85 crore with shares priced at ₹120-₹125."
2025-10-31T10:06:04Z,The great AI buildout shows no sign of slowing,0,['Nvidia (ORG)'],CNA,https://www.channelnewsasia.com/business/great-ai-buildout-shows-no-sign-slowing-5437776,"A momentous week in the technology sector made it clear there is no sign the boom in building artificial intelligence infrastructure is slowing — despite the bubble talk.Nvidia, whose processors are the AI revolution's backbone, became the first company to su…"
2025-10-31T10:00:00Z,Cenovus announces third-quarter 2025 results,0,"['Cenovus Energy Inc. (ORG)', 'Cenovus (ORG)', 'CALGARY (GPE)', 'CVE (ORG)', 'GLOBE NEWSWIRE (ORG)', 'TSX (ORG)', 'NYSE (ORG)', 'Alberta (GPE)']",GlobeNewswire,https://www.globenewswire.com/news-release/2025/10/31/3178198/0/en/Cenovus-announces-third-quarter-2025-results.html,"CALGARY, Alberta, Oct. 31, 2025 (GLOBE NEWSWIRE) -- Cenovus Energy Inc. (TSX: CVE) (NYSE: CVE) today announced its third-quarter 2025 financial and operating results. The company generated approximately $2.1 billion in cash from operating activities, $2.5 bil…"
2025-10-31T10:09:25Z,UPSC Quiz – 2025 : IASbaba’s Daily Current Affairs Quiz 31st October 2025,0,"['IASbaba’s Daily Current Affairs (ORG)', 'Previous Daily Quiz (ORG)']",Iasbaba.com,https://iasbaba.com/2025/10/upsc-quiz-2025-iasbabas-daily-current-affairs-quiz-31st-october-2025/,"For Previous Daily Quiz (ARCHIVES) – CLICK HERE The Current Affairs questions are based on sources like ‘The Hindu’, ‘Indian Express’ and ‘PIB’, which are very important sources for UPSC Prelims Exam. The questions are focused on both the concepts and facts. …"
2025-10-31T10:00:00Z,Many Women Shoulder an Invisible Stress at Work. One Small Habit at Home Makes a Big Difference.,0,[],Slate Magazine,https://slate.com/advice/2025/10/job-advice-women-invisible-stress-work-habit-home.html,Prudie replies to readers’ comments and suggestions.
2025-10-31T09:21:44Z,Apple & Amazon Buoy Expectations & Xi's Supply Chain Warning | Daybreak Europe 10/31/2025,0,"['Bloomberg Daybreak Europe (ORG)', ""Apple & Amazon Buoy Expectations & Xi's (ORG)"", 'London (GPE)']",Biztoc.com,https://biztoc.com/x/8221a946ff0bb8cc,"Bloomberg Daybreak Europe is your essential morning viewing to stay ahead. Live from London, we set the agenda for your day, ..."
2025-10-31T09:23:00Z,"Electronic Warfare Strategic Intelligence Report 2025: Analysis of Various Solutions, Programs and Projects Currently Under Development, As Well As the Impact of Emerging Technologies",0,['AI (ORG)'],GlobeNewswire,https://www.globenewswire.com/news-release/2025/10/31/3178176/28124/en/Electronic-Warfare-Strategic-Intelligence-Report-2025-Analysis-of-Various-Solutions-Programs-and-Projects-Currently-Under-Development-As-Well-As-the-Impact-of-Emerging-Technologies.html,"The electronic warfare market is booming due to increased global defense investments and technological advancements like AI and machine learning. Opportunities arise from the demand for multi-functional EW products, diversification within supply chains, and t…"
2025-10-31T09:16:09Z,"Lenskart IPO subscribed 67% so far on Day 1, retail demand crosses 1x",0,[],BusinessLine,https://www.thehindubusinessline.com/markets/lenskart-ipo-subscribed-67-so-far-on-day-1-retail-demand-crosses-1x/article70224871.ece,"At 2.15 pm, the qualified institutional buyers portion was subscribed at 0.76 times, non-institutional investors 0.26 times, retail category was booked 1.03 times, and the employee quota at 0.88 times"
2025-10-31T09:07:00Z,"2 Day Virtual Supplier and Contract Manufacturer Management Course: Enhance Your Skills in Effectively Managing Supplier Relationships Throughout Their Lifecycle (Dec 3rd - Dec 4th, 2025)",0,['Contract Manufacturer Management (ORG)'],GlobeNewswire,https://www.globenewswire.com/news-release/2025/10/31/3178158/28124/en/2-Day-Virtual-Supplier-and-Contract-Manufacturer-Management-Course-Enhance-Your-Skills-in-Effectively-Managing-Supplier-Relationships-Throughout-Their-Lifecycle-Dec-3rd-Dec-4th-202.html,"Enhance supplier management skills with this comprehensive course. Learn to manage relationships, perform risk assessments, and develop quality agreements. Engage in practical exercises, create customized scorecards, and gain strategies for supplier performan…"
2025-10-31T09:04:35Z,"Prabowo urges stronger MSMEs, cooperation to build resilient APEC",0,['APEC (ORG)'],Antaranews.com,https://en.antaranews.com/news/389185/prabowo-urges-stronger-msmes-cooperation-to-build-resilient-apec,"President Prabowo Subianto emphasized that the empowerment of micro, small, and medium enterprises (MSMEs) and multilateral cooperation against cross-border ..."
2025-10-31T09:00:00Z,Magna Announces Third Quarter 2025 Results,0,"['Magna Announces (ORG)', 'Ontario (GPE)', 'GLOBE NEWSWIRE (ORG)', 'MGA (ORG)', 'TSX (ORG)', 'Magna International Inc. (ORG)', 'MG (ORG)', 'NYSE (ORG)']",GlobeNewswire,https://www.globenewswire.com/news-release/2025/10/31/3178150/0/en/Magna-Announces-Third-Quarter-2025-Results.html,"AURORA, Ontario, Oct. 31, 2025 (GLOBE NEWSWIRE) -- Magna International Inc. (TSX: MG; NYSE: MGA) today reported financial results for the third quarter ended September 30, 2025."
2025-10-31T09:06:00Z,Why asset visibility matters in industrial cybersecurity,0,[],ComputerWeekly.com,https://www.computerweekly.com/opinion/Why-asset-visibility-matters-in-industrial-cybersecurity,"Industrial organisations face rising operational security cyber threats. Asset visibility is vital for defence — without knowing what’s connected, organisations are risk blind"
2025-10-31T10:06:27Z,"Sridharan, ex-Benetton honcho, set to join as Puma new India CEO",0,"['India (GPE)', 'Decathlon (ORG)']",Livemint,https://www.livemint.com/companies/news/puma-india-ceo-benetton-appointment-sridharan-adidas-skechers-11761890803655.html,"Ramprasad Sridharan will succeed Karthik Balagopalan, who stepped down as managing director earlier this week. Competition in India's sportswear and athleisure market has been heating up as mass retailer Decathlon scales up and premium brands such as Lululemo…"
2025-10-31T09:57:48Z,Accor Wins World Sustainable Travel & Hospitality Award for Supply Chain Decarbonization Program,0,"['the World’s Leading Climate Action Initiative (ORG)', 'Group (ORG)', 'the World Travel Awards (ORG)', 'World Sustainable Travel & Hospitality Awards (ORG)', 'Accor Wins World Sustainable Travel & Hospitality Award for Supply Chain Decarbonization Program Accor (ORG)']",Hospitality Net,https://www.hospitalitynet.org/news/4129581.html,Accor has won the World’s Leading Climate Action Initiative category at the 2025 World Sustainable Travel & Hospitality Awards (WSTHA) for the Group’s high-impact supply chain decarbonization program. Organised by the World Travel Awards in partners...
2025-10-31T09:56:00Z,5 real-world examples of the circular economy,0,[],Techtarget.com,https://www.techtarget.com/sustainability/feature/Real-world-examples-of-the-circular-economy,The circular economy promotes sustainability in IT by extending product life and reducing waste. These examples show how it can cut costs and align with environmental goals.
2025-10-31T09:51:04Z,This Special Dining Experience In Crete Is Set Amongst The Olive Groves,0,['Cretan (GPE)'],Forbes,https://www.forbes.com/sites/rachel-dube/2025/10/31/this-special-dining-experience-in-crete-is-set-amongst-the-olive-groves/,"After establishing Acro Suites as a wellness-driven retreat, Elenoas was created as a way to honor Cretan traditions."
2025-10-31T09:41:20Z,NGOs accuse coffee giants of human rights abuses,0,['Germany (GPE)'],Hurriyet Daily News,https://www.hurriyetdailynews.com/ngos-accuse-coffee-giants-of-human-rights-abuses-215231,Several NGOs have said they had filed a legal complaint in Germany accusing giant coffee companies of sourcing beans from suppliers that exploit workers and violate human rights.
2025-10-31T09:39:42Z,Batch Cannabis Scales to $50 Million,0,"['Meta (ORG)', 'Practical Ecommerce (ORG)']",Practical Ecommerce,https://www.practicalecommerce.com/batch-cannabis-scales-to-50-million,"""Once we dialed in our Meta ads and built a strong creative flywheel, everything took off,"" says co-founder Andy Gould.
The post Batch Cannabis Scales to $50 Million appeared first on Practical Ecommerce."
2025-10-31T09:30:00Z,How Do We Rebuild After Trump?,0,['Trump (ORG)'],The American Prospect,http://prospect.org/2025/10/31/how-do-we-rebuild-after-trump/,"Many Trump critics are focused on what he is doing to our basic democratic compact. But there’s a reason that all the presidents who led us through our worst previous crises also had an aggressive program of reform—including public provision and ownership.
Th…"
2025-10-31T10:00:00Z,"Pixalate’s Q3 2025 North America SSP Market Share Rankings for CTV, Mobile Apps, & Web: Verve No. 1 for Apple App Store in the US (34%), Index Exchange No. 1 on Web in the US (18%), and FreeWheel Leads in Canada on Roku (25%)",0,"['US (GPE)', 'Canada (GPE)', 'Roku (ORG)', 'FreeWheel Leads (ORG)', 'North America SSP Market Share Rankings for (ORG)', 'Pixalate (ORG)']",GlobeNewswire,https://www.globenewswire.com/news-release/2025/10/31/3178195/0/en/Pixalate-s-Q3-2025-North-America-SSP-Market-Share-Rankings-for-CTV-Mobile-Apps-Web-Verve-No-1-for-Apple-App-Store-in-the-US-34-Index-Exchange-No-1-on-Web-in-the-US-18-and-FreeWheel.html,"Pixalate’s Q3 2025 North America SSP Market Share Rankings for CTV, Mobile Apps, & Web......"
2025-10-31T11:13:35Z,Indonesia sets to advance global health through leadership in DCVMN,0,"['Indonesia (GPE)', 'DCVMN (ORG)', 'the Developing Countries (ORG)']",Antaranews.com,https://en.antaranews.com/news/389245/indonesia-sets-to-advance-global-health-through-leadership-in-dcvmn,Indonesia is set to play a pivotal role in advancing global health through its leadership in the Developing Countries Vaccine Manufacturers Network (DCVMN) ...
2025-10-31T07:51:40Z,"As Trump skips APEC, China's Xi fills the void with message on trade",0,"['Trump (ORG)', 'China (GPE)', 'APEC (ORG)', 'U.S. (GPE)']",The Times of India,https://economictimes.indiatimes.com/news/international/world-news/as-trump-skips-apec-chinas-xi-fills-the-void-with-message-on-trade/articleshow/124988484.cms,"China is stepping up as a champion of free trade and multilateral diplomacy. This comes as the U.S. focuses on protectionist policies and bilateral deals. China's leader Xi Jinping is attending regional summits, strengthening economic ties. This shift signals…"
2025-10-31T08:00:00Z,Vite+ Unveiled with Unified Toolchain and Rust Powered Core,0,"['JavaScript (PRODUCT)', 'CLI (ORG)', 'VoidZero (PRODUCT)']",InfoQ.com,https://www.infoq.com/news/2025/10/vite-plus-unveiled/,"Introducing Vite+ by VoidZero: a groundbreaking unified JavaScript toolchain enhancing the Vite ecosystem. With an all-in-one CLI for app scaffolding, testing, linting, and more, Vite+ delivers performance gains of up to 40x and enterprise features, all while…"
2025-10-31T08:00:00Z,How Meta Is Using AI to Standardize and Cut Carbon Emissions,0,"['AI (GPE)', 'Scope 3 (PRODUCT)']",InfoQ.com,https://www.infoq.com/news/2025/10/meta-carbon-ai/,Meta has developed an AI-based approach to improve the quality of Scope 3 emissions estimates across its IT hardware supply chain. The method combines machine learning and generative models to classify hardware components and infer missing product carbon foot…
2025-10-31T08:02:00Z,Eclipse Foundation Revokes Leaked Open VSX Tokens Following Wiz Discovery,0,[],Internet,https://thehackernews.com/2025/10/eclipse-foundation-revokes-leaked-open.html,"Eclipse Foundation, which maintains the open-source Open VSX project, said it has taken steps to revoke a small number of tokens that were leaked within Visual Studio Code (VS Code) extensions published in the marketplace.
The action comes following a report …"
2025-10-31T08:25:06Z,Indonesia pushes ethical AI agenda at 2025 APEC Summit,0,"['Asia-Pacific Economic Cooperation (ORG)', 'Indonesia (GPE)', 'APEC (ORG)']",Antaranews.com,https://en.antaranews.com/news/389165/indonesia-pushes-ethical-ai-agenda-at-2025-apec-summit,Indonesia emphasized the importance of ethical implementation of artificial intelligence (AI) during the 2025 Asia-Pacific Economic Cooperation (APEC) Summit ...
2025-10-31T08:24:53Z,Taiwan plans to raise 2025 growth target as AI boom boosts Q3 figures,0,"['AI (GPE)', 'Q3 (PRODUCT)', 'Taiwan (GPE)']",CNA,https://www.channelnewsasia.com/business/taiwan-plans-raise-2025-growth-target-ai-boom-boosts-q3-figures-5437581,TAIPEI :Taiwan plans to raise its economic growth forecast this year to more than 5 per cent after the economy expanded by a better-than-expected rate in the third quarter given a strong performance by the crucial tech sector thanks to the AI boom.Taiwan's gr…
2025-10-31T08:50:25Z,"Black Friday 2024 Review: Online Shopping Booms, Redefining Consumer Mindset and Marketing Strategy",0,"['FoxData (ORG)', 'Amazon (ORG)']",Foxdata.com,https://foxdata.com/en/blogs/black-friday-2024-review-online-shopping-booms-redefining-consumer-mindset-and-marketing-strategy/,"From Temu to Amazon, FoxData helps you decode the new landscape of the app market and the key growth signals behind Black Friday."
2025-10-31T08:30:00Z,VCI Global Announces $5 Million Registered Direct Offering Priced At-the-Market Under Nasdaq Rules,0,"['VCI Global Limited (ORG)', 'Malaysia (GPE)', 'VCI Global Announces (ORG)', 'GLOBE NEWSWIRE (ORG)']",GlobeNewswire,https://www.globenewswire.com/news-release/2025/10/31/3178145/0/en/VCI-Global-Announces-5-Million-Registered-Direct-Offering-Priced-At-the-Market-Under-Nasdaq-Rules.html,"KUALA LUMPUR, Malaysia, Oct. 31, 2025 (GLOBE NEWSWIRE) -- VCI Global Limited (NASDAQ: VCIG) (“VCI Global” or the “Company”) a leading provider of business and technology consulting services, today announced that it has entered into a definitive agreement with…"
2025-10-31T09:04:41Z,Oslo Innovation Week Showcases Scalable Climate Solutions,0,"['Oslo Innovation Week Showcases Scalable Climate Solutions (ORG)', 'Oslo Innovation Week (ORG)']",Forbes,https://www.forbes.com/sites/amynguyen/2025/10/31/oslo-innovation-week-showcases-scalable-climate-solutions/,"From fermentation technologies to vertical farming and the electrification of tourism, Oslo Innovation Week spotlights the possibilities for scalable climate solutions."
2025-10-31T06:48:06Z,"Toyota Tsusho raises FY profit forecast on supply chain, Africa units",0,"['TOKYO (GPE)', 'FY (GPE)', 'Africa (LOC)', 'Toyota (ORG)', 'Japan (GPE)']",CNA,https://www.channelnewsasia.com/business/toyota-tsusho-raises-fy-profit-forecast-supply-chain-africa-units-5437461,"TOKYO :Japan's Toyota Tsusho on Friday raised its full fiscal year profit forecast by 20 billion yen to 360 billion yen ($2.4 billion) on stronger growth in its supply chain and Africa divisions, and also promised a higher dividend payout.The company, a membe…"
2025-10-31T06:39:00Z,2025WSTDF–Green H₂ Forum Held at Beijing,0,['Beijing (GPE)'],GlobeNewswire,https://www.globenewswire.com/news-release/2025/10/31/3178106/0/en/2025WSTDF-Green-H-Forum-Held-at-Beijing.html,"From October 27 to 29, 2025, the 2025 World Science and Technology Development Forum, themed “AI for Science and Development (AI4SD)”, was held in Beijing."
2025-10-31T06:31:32Z,GRMC’s Rachelle Borja bags American Society for Health Care Engineering award,0,"['GRMC (ORG)', 'the Guam Regional Medical City’s (ORG)', 'the American Society for Health Care Engineering (ORG)', 'American Society for Health Care Engineering (ORG)']",Guampdn.com,https://www.guampdn.com/news/grmc-s-rachelle-borja-bags-american-society-for-health-care-engineering-award/article_7083fb04-a516-4b32-b182-59a0533d03c8.html,"Rachelle Borja, the Guam Regional Medical City’s director of support services, has been selected by the American Society for Health Care Engineering as the 2025 Region 10 Emerging Regional Leader"
2025-10-31T07:00:27Z,Data I/O Corp (DAIO) Q3 2025 Earnings Call Highlights: Strategic Expansion Amid Market Challenges,0,['DAIO (ORG)'],Yahoo Entertainment,https://finance.yahoo.com/news/data-o-corp-daio-q3-070027133.html,Data I/O Corp (DAIO) unveils new products and explores billion-dollar markets while navigating sales declines and global trade pressures.
2025-10-31T07:19:00Z,GE HealthCare (GEHC): Margin Jump to 10.9% Reinforces Bullish Sentiment on Quality of Earnings,0,"['GE HealthCare (ORG)', 'GEHC (ORG)']",Yahoo Entertainment,https://finance.yahoo.com/news/ge-healthcare-gehc-margin-jump-071900357.html,"GE HealthCare Technologies (GEHC) posted a net profit margin of 10.9%, a notable improvement from 8.6% a year ago. This was supported by a 32.3% surge in..."
2025-10-31T07:19:39Z,"Trump-Xi ‘G2’ Meet | From Busan, a question: Is the chaos of trade wars subsiding?",0,"['China (GPE)', 'US (GPE)', 'Trump-Xi ‘G2’ Meet (ORG)', 'Busan (GPE)']",The Indian Express,https://indianexpress.com/article/opinion/columns/trump-xi-g2-meet-busan-trade-war-10337589/,"The Trump-Xi meeting can be viewed as a positive step toward resolving issues through negotiations rather than confrontation. The US and China are systemic players, and conflicts between them have global repercussions"
2025-10-31T07:24:40Z,US’ Golden Gate move signals a likely shift in India strategy,0,"['US (GPE)', 'Chabahar Port (LOC)', 'India (GPE)', 'Iran (GPE)']",The Times of India,https://economictimes.indiatimes.com/news/economy/foreign-trade/chabahar-port-us-waiver-for-india-americas-golden-gate-move-signals-a-likely-shift-in-washingtons-india-play-amid-trump-tariffs-and-trade-deal-talks/articleshow/124987705.cms,"The US has granted India a six-month sanctions waiver for its operations at Iran's Chabahar Port, a move seen as a strategic concession amidst ongoing trade deal negotiations. This extension supports India's regional connectivity plans, particularly its gatew…"
2025-10-31T06:10:35Z,AICWA demands probe into fake audition kidnapping case; Questions R.A. Studio’s role; Urges Government action,0,"['Mumbai (GPE)', 'R.A. Studio (ORG)', 'Urges Government (ORG)', 'Questions R.A. Studio’s (ORG)', 'Powai (GPE)']",The Times of India,https://timesofindia.indiatimes.com/entertainment/hindi/bollywood/news/aicwa-demands-probe-into-fake-audition-kidnapping-case-questions-r-a-studios-role-urges-government-action/articleshow/124986201.cms,"The All Indian Cine Workers Association (AICWA) has demanded an immediate investigation into a shocking kidnapping incident linked to a fake audition held at R.A. Studio in Mumbai's Powai area, where nearly 20 aspiring artists were allegedly abducted before b…"
2025-10-31T06:13:10Z,"Shakthi Thirumagan script theft allegation: I have all the proofs to validate my authorship, says Arun Prabhu",0,[],The Times of India,https://timesofindia.indiatimes.com/entertainment/tamil/movies/news/shakthi-thirumagan-script-theft-allegation-i-have-all-the-proofs-to-validate-my-authorship-says-arun-prabhu/articleshow/124986423.cms,The director clarifies that he chose not to respond earlier because he wanted to wait for an official inquiry.
2025-10-31T06:29:23Z,Studds Accessories IPO: Should you subscribe?,0,"['Studds Accessories (ORG)', ""Studds Accessories' (ORG)"", 'IPO (ORG)']",BusinessLine,https://www.thehindubusinessline.com/portfolio/stock-fundamental-analysis-india/studds-accessories-ipo-should-you-subscribe/article70224388.ece,"Discover whether to subscribe to Studds Accessories' IPO, highlighting strong margins and brand potential amid transitional challenges."
2025-10-31T06:10:06Z,Bihar’s glass half full. Half empty & still filling,0,"['Bihar (GPE)', 'India News (ORG)']",The Times of India,https://timesofindia.indiatimes.com/india/bihars-glass-half-full-half-empty-still-filling/articleshow/124985902.cms,"India News: It’s easy to be overwhelmed by grim statistics, especially when it comes to Bihar. It’s at the bottom of most development indicators when compared wit."
2025-10-31T05:57:26Z,"‘Let’s Change' programme, Rs 2 crore dues, moral demands: Why Rohit Aarrya pulled off Mumbai hostage showdown",0,['Mumbai (GPE)'],The Times of India,https://timesofindia.indiatimes.com/city/mumbai/lets-change-programme-rs-2-crore-dues-moral-demands-why-rohit-aarrya-pulled-off-mumbai-hostage-showdown/articleshow/124985191.cms,"A social entrepreneur, Rohit Aarrya, held 17 children and others hostage in a Mumbai studio after feeling betrayed by the government over his civic initiative. The standoff ended in a police shootout, with Aarrya dead and the hostages rescued. His actions ste…"
2025-10-31T05:17:28Z,China's Xi promises to protect free trade at APEC as Trump snubs major summit,0,"['China (GPE)', 'APEC (ORG)', 'Asia-Pacific (LOC)', 'U.S. (GPE)', 'Trump (ORG)']",ABC News,https://abcnews.go.com/Business/wireStory/chinas-xi-promises-protect-free-trade-apec-trump-127042960,Chinese leader Xi Jinping told Asia-Pacific leaders his country would help to defend global free trade as U.S. President Donald Trump snubbed an annual economic regional forum
2025-10-31T05:17:26Z,China's Xi promises to protect free trade at APEC as Trump snubs major summit,0,"['China (GPE)', 'APEC (ORG)', 'Asia-Pacific (LOC)', 'U.S. (GPE)', 'Trump (ORG)']",ABC News,https://abcnews.go.com/International/wireStory/chinas-xi-promises-protect-free-trade-apec-trump-127042958,Chinese leader Xi Jinping told Asia-Pacific leaders his country would help to defend global free trade as U.S. President Donald Trump snubbed an annual economic regional forum
2025-10-31T05:59:23Z,US-China find temporary truce: What it means for India and global markets,0,"['China (GPE)', 'US (GPE)', 'India (GPE)']",The Times of India,https://economictimes.indiatimes.com/markets/expert-view/us-china-find-temporary-truce-what-it-means-for-india-and-global-markets/articleshow/124986167.cms,"A recent US-China meeting signals a pause in trade tensions, with experts noting a shift in power dynamics. While not a clear win for the US, the outcome suggests ongoing concessions and a move towards negotiation as equals. This development could impact Indi…"
2025-10-31T05:15:00Z,Italy’s FORZA10 turns invasive blue crab into sustainable cat food with a patriotic twist,0,"['Italy (GPE)', 'FIL BLU (ORG)', 'Adriatic Sea (LOC)']",Trendwatching.com,https://www.trendwatching.com/innovations/italys-forza10-turns-invasive-blue-crab-into-sustainable-cat-food-with-a-patriotic-twist,"Italian pet food company FORZA10 has launched FIL BLU, a wet cat food that transforms an environmental crisis into a gourmet meal. The product features blue crab, an invasive North American species that has colonized Italy's Adriatic Sea, devastating local ma…"
2025-10-31T05:09:24Z,Apple announces record revenue in India in September quarter,0,"['Apple (ORG)', 'India (GPE)']",BusinessLine,https://www.thehindubusinessline.com/info-tech/apple-announces-record-revenue-in-india-in-september-quarter/article70224283.ece,"Overall, the company reported a quarterly revenue of $102.5 billion, a growth of 8 per cent annually and 8.9 per cent sequentially"
2025-10-31T05:03:18Z,Are You Planning To Subscribe To LensKart IPO? Here Are The Key Risks RHP Has Flagged,0,['Are The Key Risks RHP (ORG)'],Ndtvprofit.com,https://www.ndtvprofit.com/ipos/are-you-planning-to-subscribe-to-lenskart-ipo-here-are-the-key-risks-rhp-has-flagged,"LensKart Ltd.'s initial public offer opened for subscription on Friday and will conclude on Tuesday. A day before, its grey market premium plunged because of valuation concerns. The eyewear company's valuation is pegged at Rs 70,000 crore, which analysts foun…"
2025-10-31T05:00:53Z,AI And Web3 Drive Dubai’s Quest For 30 Unicorns By 2030,0,"['Dubai (GPE)', 'Unicorns (ORG)']",Forbes,https://www.forbes.com/sites/digital-assets/2025/10/31/ai-and-web3-drive-dubais-quest-for-30-unicorns-by-2030/,"AI is fueling Dubai’s 2030 vision to create 30 unicorns across sectors, positioning the city as a global hub for innovation, entrepreneurship, and smart growth."
2025-10-31T06:31:00Z,CNBC Daily Open: Ghosts of gains past for markets this Halloween,0,"['CNBC Daily Open (ORG)', 'Big Tech (GPE)']",CNBC,https://www.cnbc.com/2025/10/31/cnbc-daily-open-ghosts-of-gains-past-for-markets-this-halloween.html,"Investors were spooked by some Big Tech capex plans, with all three major indexes falling Thursday."
2025-10-31T07:13:05Z,Apple predicts return to growth as revenue dips in China,0,"['Apple (ORG)', 'China (GPE)', 'Amazon (ORG)']",The Irish Times,https://www.irishtimes.com/business/2025/10/31/apple-predicts-return-to-growth-as-revenue-dips-in-china/,"Meanwhile, Amazon forecast quarterly revenue largely above Wall Street estimates"
2025-10-31T07:00:37Z,SK Innovation Co Ltd (XKRX:096770) Q3 2025 Earnings Call Highlights: Strategic Moves and Market ...,0,['SK Innovation Co Ltd (ORG)'],Yahoo Entertainment,https://finance.yahoo.com/news/sk-innovation-co-ltd-xkrx-070037439.html,SK Innovation Co Ltd (XKRX:096770) expands its North American ESS footprint and navigates market headwinds amid financial restructuring.
2025-10-31T07:20:35Z,Tokyo Electron Gives Cautious Outlook in Warning on AI Optimism,0,"['Tokyo (GPE)', 'Applied Materials Inc. (ORG)', 'Tokyo Electron (ORG)']",Yahoo Entertainment,https://finance.yahoo.com/news/tokyo-electron-gives-cautious-outlook-072035517.html,"Operating income at Tokyo Electron, which competes against Applied Materials Inc., rose to ¥158.5 billion ($1 billion) in the September quarter, beating the ..."
2025-10-31T04:01:00Z,Inside the ‘grand bargain’ to reconcile ad tech’s warring middlemen,0,['TID (ORG)'],Digiday,http://digiday.com/media-buying/inside-the-grand-bargain-to-reconcile-ad-techs-warring-middlemen/,"Debate around transparency in ad auctions has rumbled on for months following Prebid's August TID update, here's how some hope to resolve it"
2025-10-31T04:01:00Z,The Great Resignation is over — unless you’re a retail CEO,0,[],Digiday,http://digiday.com/marketing/the-great-resignation-is-over-unless-youre-a-retail-ceo/,"More than 1,500 chief executives have left their posts so far this year through August, up 4% from last year."
2025-10-31T04:15:37Z,"Foxconn deepens AI collaboration with Nvidia, commits over US$1 billion to AI infrastructure",0,"['Nvidia (GPE)', 'Foxconn (GPE)', 'GTC (ORG)', 'Nvidia (ORG)', 'GPU Technology Conference (ORG)', 'AI (GPE)']",Digitimes,https://www.digitimes.com/news/a20251031PD202/foxconn-nvidia-ai-infrastructure-genai-gtc.html,"As the global wave of generative artificial intelligence (GenAI) surges, Nvidia CEO Jensen Huang has positioned the company's AI strategy as an industry benchmark, with the annual GPU Technology Conference (GTC) emerging as a critical platform for technology …"
2025-10-31T04:24:36Z,"China's Xi urges Asian nations to keep supply chains stable, work together during ‘turbulent’ times",0,"['China (GPE)', 'Xi (ORG)', 'Beijing (GPE)']",CNBC,https://www.cnbc.com/2025/10/31/chinas-xi-urges-asian-nations-to-keep-supply-chains-stable-work-together-during-turbulent-times.html,Chinese President Xi Jinping played up how Beijing is a proponent of stable supply chains and free trade in a speech Friday.
2025-10-31T03:49:06Z,Tesla Hiring In India: Vacancies Open For 34 Job Positions - Check Details,0,"['hire-r1.mokahr.com (ORG)', 'Tesla Hiring (ORG)', 'India (GPE)', 'Tesla (ORG)', 'AI (GPE)']",Ndtvprofit.com,https://www.ndtvprofit.com/auto/tesla-hiring-in-india-vacancies-open-for-34-job-positions-check-details,"Presently, Tesla has 34 active job openings listed on its official recruitment portal. This hiring spree, detailed at hire-r1.mokahr.com, cuts across eight different departments such as supply chain, AI and engineering, charging, sales and operations."
2025-10-31T04:00:51Z,"Orkla India IPO Day 3: Check GMP, strong subscription and analyst views. Should you subscribe",0,"['IPO (ORG)', 'Non-Institutional Investors (ORG)']",The Times of India,https://economictimes.indiatimes.com/markets/ipos/fpos/orkla-india-ipo-day-3-check-gmp-strong-subscription-and-analyst-views-should-you-subscribe/articleshow/124983098.cms,"Orkla India's Rs 1,667 crore IPO saw strong investor interest, subscribed 2.70 times by Day 2. Retail and Non-Institutional Investors showed robust participation, while QIBs were at 6%. The stock is trading at a 9.5% grey market premium, indicating a potentia…"
2025-10-31T03:57:55Z,Lenskart IPO asking 235 times more for every Rs 1 it earns. Is it too much for investors to pay?,0,['IPO (ORG)'],The Times of India,https://economictimes.indiatimes.com/markets/ipos/fpos/lenskart-ipo-asking-235-times-more-for-every-rs-1-it-earns-is-it-too-much-for-investors-to-pay/articleshow/124983011.cms,"Lenskart's IPO is here, seeking a high valuation. The eyewear giant shows impressive growth and profitability. Its strong market position and innovative model are key strengths. Investors are weighing the premium price against future potential. The company ai…"
2025-10-31T04:00:00Z,WSJ talks ‘easing’ housing prices as Trump continues to ship out illegals,0,"['Trump (ORG)', 'WSJ (ORG)', 'the Wall Street Journal (ORG)']",Americanthinker.com,https://www.americanthinker.com/blog/2025/10/wsj_talks_easing_housing_prices_as_trump_continues_to_ship_out_illegals.html,"After years of the media and other Democrats claiming that a massive influx of illegal migrants didn’t cause inflationary fallout, the Wall Street Journal, via Breitbart, finally admits that additional demand does indeed cause prices to ri..."
2025-10-31T02:40:51Z,"Lenskart IPO opens today: Check GMP, brokerages review, subscription and other details",0,"['Lenskart (ORG)', 'IPO (ORG)', 'India (GPE)']",The Times of India,https://economictimes.indiatimes.com/markets/ipos/fpos/lenskart-ipo-opens-today-check-gmp-brokerages-review-subscription-and-other-details/articleshow/124980731.cms,"Lenskart, India's leading eyewear retailer, launched its Rs 7,278 crore IPO today, aiming to expand its omnichannel presence. With strong financial turnaround and a growing market, the company is poised for significant growth. Analysts suggest a long-term inv…"
2025-10-31T02:30:12Z,Jim Cramer on Celestica: “My Only Worry is Maybe It’s Too Late to Buy”,0,"['Buy” Celestica Inc. (ORG)', 'NYSE (ORG)', 'Celestica (GPE)']",Yahoo Entertainment,https://finance.yahoo.com/news/jim-cramer-celestica-only-worry-023012254.html,"Celestica Inc. (NYSE:CLS) is one of the stocks Jim Cramer recently talked about. Cramer highlighted the stock’s strong performance during the year, as he..."
2025-10-31T02:30:04Z,Jim Cramer Highlights Why UPS Reported “Much Better Than Expected Earnings”,0,"['NYSE (ORG)', 'United Parcel Service, Inc. (ORG)']",Yahoo Entertainment,https://finance.yahoo.com/news/jim-cramer-highlights-why-ups-023004844.html,"United Parcel Service, Inc. (NYSE:UPS) is one of the stocks Jim Cramer recently talked about. Cramer discussed the impact of the company’s earnings, as he..."
2025-10-31T02:16:20Z,"Reliance, HDFC Bank, TCS, Tata Motors, Orchid Pharma, MTAR Tech, LTI Mindtree in focus today: Oct 31, 2025",0,"['TCS (ORG)', 'HDFC Bank (ORG)', 'Reliance (ORG)', 'MTAR Tech (ORG)', 'Tata Motors (ORG)', 'LTI Mindtree (ORG)']",BusinessLine,https://www.thehindubusinessline.com/markets/reliance-hdfc-bank-tcs-tata-motors-orchid-pharma-mtar-tech-lti-mindtree-in-focus-today-oct-31-2025/article70222668.ece,"Key updates on Reliance, HDFC Bank, TCS, and more, highlighting strategic partnerships, order wins, and company developments on October 31, 2025."
2025-10-31T02:10:17Z,"Lenskart IPO Live Updates: Lenskart IPO opens today: Check GMP, brokerage views, subscription status and other key details here",0,"['India (GPE)', 'IPO (ORG)', 'Lenskart IPO GMP Live Updates: Lenskart Solutions (ORG)']",Economictimes.com,https://m.economictimes.com/markets/stocks/live-blog/lenskart-ipo-gmp-grey-market-premium-subscription-status-price-band-share-price-listing-date-expert-review-stock-market-news/liveblog/124979802.cms,"Lenskart IPO GMP Live Updates: Lenskart Solutions, India’s largest eyewear retailer, will launch its ₹7,278 crore initial public offering (IPO) for public subscription today. The issue, which will remain open until November 4, is priced in the range of ₹382–₹…"
2025-10-31T03:28:17Z,APEC sees stronger 2025 growth at 3.1 percent but warns of rising debt,0,['APEC (ORG)'],Antaranews.com,https://en.antaranews.com/news/389117/apec-sees-stronger-2025-growth-at-31-percent-but-warns-of-rising-debt,"The economy in the APEC region is expected to strengthen with a growth rate of 3.1 percent in 2025, supported by resilient trade activity and robust demand ..."
2025-10-31T03:11:00Z,Taobao Instant Commerce to launch ‘Taobao Convenience Store’ chain,0,"['Alibaba (GPE)', 'LatePost (ORG)', 'Taobao Instant Commerce (ORG)']",TechNode,http://technode.com/2025/10/31/taobao-instant-commerce-to-launch-taobao-convenience-store-chain/,"Taobao Instant Commerce, Alibaba’s quick commerce unit, is set to launch a new retail brand called “Taobao Convenience Store” (our translation), LatePost reported. The stores will operate 24 hours a day and offer around 10,000 SKUs across categories such as g…"
2025-10-31T03:55:00Z,"Pixalate Releases Q3 2025 APAC Supply-Side Platform (SSP) Market Share Rankings for Mobile Apps & Web: Verve Leads in Singapore (41%) and India (37%) on Apple App Store, Google Ad Exchange No. 1 on Google Play Store (49%) in Japan",0,"['Singapore (GPE)', 'APAC Supply-Side Platform (SSP) Market Share Rankings (ORG)', 'India (GPE)', 'Mobile Apps & Web (ORG)', 'Japan Pixalate Releases (ORG)', 'Mobile Apps & Web: Verve Leads (ORG)', 'Google Ad Exchange No (ORG)']",GlobeNewswire,https://www.globenewswire.com/news-release/2025/10/31/3178073/0/en/Pixalate-Releases-Q3-2025-APAC-Supply-Side-Platform-SSP-Market-Share-Rankings-for-Mobile-Apps-Web-Verve-Leads-in-Singapore-41-and-India-37-on-Apple-App-Store-Google-Ad-Exchange-No-.html,Pixalate Releases Q3 2025 APAC Supply-Side Platform (SSP) Market Share Rankings for Mobile Apps & Web......
2025-10-31T01:28:28Z,APEC leaders to open summit after Trump and Xi agreed on steps to ease trade tensions,0,"['Pacific Rim (LOC)', 'APEC (ORG)']",The Times of India,https://economictimes.indiatimes.com/news/international/world-news/apec-leaders-to-open-summit-after-trump-and-xi-agreed-on-steps-to-ease-trade-tensions/articleshow/124978600.cms,"Asian and Pacific Rim leaders convene for the APEC summit, with the recent Trump-Xi trade war de-escalation taking center stage. While a trade truce was welcomed, the forum aims to address broader regional challenges like strategic competition and supply chai…"
2025-10-31T01:51:21Z,U.S. Names Samarium As Most Vulnerable Critical Mineral,0,['U.S. (GPE)'],Forbes,https://www.forbes.com/sites/noelfletcher/2025/10/30/us-names-samarium-as-most-vulnerable-critical-mineral/,A rare earth metal called samarium that is used in defense and cancer treatments has been named by the U.S. as the weakest link in the critical mineral supply chain.
2025-10-31T02:04:28Z,Compal to expand server manufacturing in Texas,0,"['Georgetown (GPE)', 'CUT (ORG)', 'Texas (GPE)', ""Texas Compal Electronics' (ORG)"", 'Compal (GPE)', 'Compal US Technology (ORG)']",Digitimes,https://www.digitimes.com/news/a20251031PD204/compal-subsidiary-texas-manufacturing-expansion.html,"Compal Electronics' wholly owned subsidiary, Compal US Technology (CUT), has secured board approval to lease new facilities in Taylor and Georgetown, Texas. The move aims to reinforce Compal's North American market presence and improve supply chain robustness…"
2025-10-31T00:53:17Z,Amazon’s US$125B AI supply chain: custom chips and terawatt ambitions,0,"['Amazon Web Services (ORG)', 'AI (GPE)', 'Amazon (ORG)']",Digitimes,https://www.digitimes.com/news/a20251031VL205/amazon-aws-infrastructure-growth-chips.html,"Amazon highlighted its growing investments in artificial intelligence (AI) and cloud infrastructure during its third-quarter 2025 earnings call, underscoring a significant acceleration in Amazon Web Services (AWS) growth. Executives emphasized AI as a strateg…"
2025-10-31T00:37:14Z,APEC leaders to open summit after Trump and Xi agreed on steps to ease trade tensions,0,"['South Korea (GPE)', 'APEC (ORG)', 'Pacific Rim (LOC)', 'AP (ORG)', 'GYEONGJU (ORG)']",Financial Post,https://financialpost.com/pmn/apec-leaders-to-open-summit-after-trump-and-xi-agreed-on-steps-to-ease-trade-tensions,"GYEONGJU, South Korea (AP) — Leaders of 21 Asian and Pacific Rim nations were set to open their annual summit Friday to discuss how to promote economic cooperation and tackle shared challenges, a day after President Donald Trump and Chinese President Xi Jinpi…"
2025-10-31T00:15:58Z,Stepan (SCL) Low Valuation and Forecasted 53% Earnings Growth Challenge Bearish Narratives,0,['SCL (ORG)'],Yahoo Entertainment,https://finance.yahoo.com/news/stepan-scl-low-valuation-forecasted-001558972.html,"Stepan (SCL) reported that its earnings have fallen at an average rate of 26.1% per year over the past five years, while its net profit margin currently sits..."
2025-10-31T00:01:06Z,Sellafield Ltd awards high hazard risk reduction framework contract,0,['Sellafield Ltd (ORG)'],Www.gov.uk,https://www.gov.uk/government/news/sellafield-ltd-awards-high-hazard-risk-reduction-framework-contract,Sellafield Ltd awards framework with a total value of £4.6 billion to support high hazard risk reduction.
2025-10-31T01:08:07Z,Feds arrest dozens of illegal aliens in sweeping New Jersey workplace raid,0,"['New Jersey (GPE)', 'DHS (ORG)']",Fox News,https://www.foxnews.com/us/feds-arrest-dozens-illegal-aliens-sweeping-new-jersey-workplace-raid,"Federal agents detained 46 undocumented workers at a New Jersey freight facility in major DHS immigration raid, marking 22% of the warehouse workforce."
2025-10-31T00:00:00Z,Supermajors Bet Big on Long-Term Oil Demand,0,[],OilPrice.com,https://oilprice.com/Energy/Crude-Oil/Supermajors-Bet-Big-on-Long-Term-Oil-Demand.html,"The world’s largest international oil firms are ramping up production even as crude prices have weakened this year and global supply growth continues to outpace the demand increase, setting the stage for a glut in the coming months.   The European majors are …"
2025-10-31T00:00:00Z,Clinical characteristics of pediatric epilepsy in Palestine: a cross-sectional study,0,['Palestine (GPE)'],Biomedcentral.com,https://bmcneurol.biomedcentral.com/articles/10.1186/s12883-025-04447-3,"Background Epilepsy, a prevalent neurological disorder in children, is characterized by recurrent unprovoked seizures and developmental challenges. Although pediatric epilepsy is well-studied globally, research in Palestine is limited, which affects targeted …"
2025-10-31T00:00:00Z,Integrating event information and multi dimensional relationships for improved financial time series forecasting,0,['Scientific Reports - Integrating (ORG)'],Nature.com,https://www.nature.com/articles/s41598-025-22926-y,Scientific Reports - Integrating event information and multi dimensional relationships for improved financial time series forecasting
2025-10-31T00:00:00Z,Supermajors Bet Big on Long-Term Oil Demand,0,[],Yahoo Entertainment,https://finance.yahoo.com/news/supermajors-bet-big-long-term-000000772.html,"Despite weaker crude prices and a looming supply glut, major oil companies are significantly increasing production, betting on long-term demand and investing..."
2025-10-30T23:38:32Z,"OpenAI unveils Aardvark, an autonomous GPT-5 agent built to hunt software vulnerabilities",0,"['OpenAI (GPE)', 'PBC (ORG)', 'OpenAI Group (ORG)', 'Aardvark (ORG)', 'AI (GPE)']",SiliconANGLE News,https://siliconangle.com/2025/10/30/openai-unveils-aardvark-autonomous-gpt-5-agent-built-hunt-software-vulnerabilities/,"OpenAI Group PBC today unveiled Aardvark, a new GPT-5-powered autonomous artificial intelligence agent designed to identify, verify and help fix software vulnerabilities in real time. Pitched by OpenAI as representing a “breakthrough in AI and security resear…"
2025-10-30T23:37:00Z,Bank of America revamps Nvidia stock price after meeting with CFO,0,"['CFO Nvidia (ORG)', 'Nvidia (GPE)', 'Bank of America (ORG)']",TheStreet,https://www.thestreet.com/investing/stocks/bank-of-america-revamps-nvidia-stock-price-after-meeting-with-cfo,"Nvidia riding on the artificial intelligence wave, made a historic accomplishment on October 29 as the first company to reach $5 trillion in market value..."
2025-10-30T23:30:00Z,AI Transforming the Machinery Industry Through Manufacturing Execution Systems (MES),0,"['Delray Beach (GPE)', 'MES (ORG)', 'Artificial Intelligence (AI (ORG)', 'GLOBE NEWSWIRE (ORG)', 'FL (GPE)', 'AI Transforming (ORG)', 'the Machinery Industry Through Manufacturing Execution Systems (ORG)']",GlobeNewswire,https://www.globenewswire.com/news-release/2025/10/30/3178044/0/en/AI-Transforming-the-Machinery-Industry-Through-Manufacturing-Execution-Systems-MES.html,"Delray Beach, FL, Oct. 30, 2025 (GLOBE NEWSWIRE) -- Artificial Intelligence (AI) has become a defining force in the machinery and manufacturing sectors, reshaping how production systems are managed, optimized, and scaled. Among all digital transformation tool…"
2025-10-30T23:28:05Z,Apple results: Holiday dunks and questions dodged,0,"['Apple (ORG)', 'Cupertino (GPE)']",sixcolors.com,https://sixcolors.com/post/2025/10/apple-results-holiday-dunks-and-questions-dodged/,"Tim Cook signals for victory!
On the day that Apple announces its quarterly fiscal results, as it did on Thursday, there’s a little ritual that happens down in Cupertino: Financial journalists get a pre-briefing about the results from Tim Cook, and they rush …"
