title,description,url,publishedAt,source
Indonesia sets to advance global health through leadership in DCVMN,Indonesia is set to play a pivotal role in advancing global health through its leadership in the Developing Countries Vaccine Manufacturers Network (DCVMN) ...,https://en.antaranews.com/news/389245/indonesia-sets-to-advance-global-health-through-leadership-in-dcvmn,2025-10-31T11:13:35Z,Antaranews.com
September 2025 Quarterly Activities Report,September Quarterly Activities Report......,https://www.globenewswire.com/news-release/2025/10/31/3178226/0/en/September-2025-Quarterly-Activities-Report.html,2025-10-31T11:00:00Z,GlobeNewswire
"Frozen Dessert Market Size to be Worth USD 198.20 Billion by 2034, Driven by Health Trends, Innovation, and Regional Growth","According to Towards FnB, the global frozen dessert market size is calculated at USD 136.87 billion in 2025 and is anticipated to surge USD 198.20 billion by 2034, reflecting at a CAGR of 4.2% from 2025 to 2034. The industry’s growth is primarily driven by te…",https://www.globenewswire.com/news-release/2025/10/31/3178222/0/en/Frozen-Dessert-Market-Size-to-be-Worth-USD-198-20-Billion-by-2034-Driven-by-Health-Trends-Innovation-and-Regional-Growth.html,2025-10-31T11:00:00Z,GlobeNewswire
"ICEA, GSA forge strategic partnership to boost India's global semiconductor role",India is poised for a semiconductor revolution as the India Cellular and Electronics Association teams up with the Global Semiconductor Alliance. This strategic alliance is set to weave India into the fabric of the global semiconductor supply chain. By promot…,https://economictimes.indiatimes.com/industry/cons-products/electronics/icea-gsa-forge-strategic-partnership-to-boost-indias-global-semiconductor-role/articleshow/124992395.cms,2025-10-31T10:59:50Z,The Times of India
"Shreeji Global FMCG IPO to open on Nov 4, raise ₹85 cr","Shreeji Global FMCG's IPO opens on Nov 4, aiming to raise ₹85 crore with shares priced at ₹120-₹125.",https://www.thehindubusinessline.com/markets/shreeji-global-fmcg-ipo-to-open-on-nov-4-raise-85-cr/article70225075.ece,2025-10-31T10:31:37Z,BusinessLine
UPSC Quiz – 2025 : IASbaba’s Daily Current Affairs Quiz 31st October 2025,"For Previous Daily Quiz (ARCHIVES) – CLICK HERE The Current Affairs questions are based on sources like ‘The Hindu’, ‘Indian Express’ and ‘PIB’, which are very important sources for UPSC Prelims Exam. The questions are focused on both the concepts and facts. …",https://iasbaba.com/2025/10/upsc-quiz-2025-iasbabas-daily-current-affairs-quiz-31st-october-2025/,2025-10-31T10:09:25Z,Iasbaba.com
"Sridharan, ex-Benetton honcho, set to join as Puma new India CEO","Ramprasad Sridharan will succeed Karthik Balagopalan, who stepped down as managing director earlier this week. Competition in India's sportswear and athleisure market has been heating up as mass retailer Decathlon scales up and premium brands such as Lululemo…",https://www.livemint.com/companies/news/puma-india-ceo-benetton-appointment-sridharan-adidas-skechers-11761890803655.html,2025-10-31T10:06:27Z,Livemint
The great AI buildout shows no sign of slowing,"A momentous week in the technology sector made it clear there is no sign the boom in building artificial intelligence infrastructure is slowing — despite the bubble talk.Nvidia, whose processors are the AI revolution's backbone, became the first company to su…",https://www.channelnewsasia.com/business/great-ai-buildout-shows-no-sign-slowing-5437776,2025-10-31T10:06:04Z,CNA
Cenovus announces third-quarter 2025 results,"CALGARY, Alberta, Oct. 31, 2025 (GLOBE NEWSWIRE) -- Cenovus Energy Inc. (TSX: CVE) (NYSE: CVE) today announced its third-quarter 2025 financial and operating results. The company generated approximately $2.1 billion in cash from operating activities, $2.5 bil…",https://www.globenewswire.com/news-release/2025/10/31/3178198/0/en/Cenovus-announces-third-quarter-2025-results.html,2025-10-31T10:00:00Z,GlobeNewswire
"Pixalate’s Q3 2025 North America SSP Market Share Rankings for CTV, Mobile Apps, & Web: Verve No. 1 for Apple App Store in the US (34%), Index Exchange No. 1 on Web in the US (18%), and FreeWheel Leads in Canada on Roku (25%)","Pixalate’s Q3 2025 North America SSP Market Share Rankings for CTV, Mobile Apps, & Web......",https://www.globenewswire.com/news-release/2025/10/31/3178195/0/en/Pixalate-s-Q3-2025-North-America-SSP-Market-Share-Rankings-for-CTV-Mobile-Apps-Web-Verve-No-1-for-Apple-App-Store-in-the-US-34-Index-Exchange-No-1-on-Web-in-the-US-18-and-FreeWheel.html,2025-10-31T10:00:00Z,GlobeNewswire
Many Women Shoulder an Invisible Stress at Work. One Small Habit at Home Makes a Big Difference.,Prudie replies to readers’ comments and suggestions.,https://slate.com/advice/2025/10/job-advice-women-invisible-stress-work-habit-home.html,2025-10-31T10:00:00Z,Slate Magazine
Accor Wins World Sustainable Travel & Hospitality Award for Supply Chain Decarbonization Program,Accor has won the World’s Leading Climate Action Initiative category at the 2025 World Sustainable Travel & Hospitality Awards (WSTHA) for the Group’s high-impact supply chain decarbonization program. Organised by the World Travel Awards in partners...,https://www.hospitalitynet.org/news/4129581.html,2025-10-31T09:57:48Z,Hospitality Net
5 real-world examples of the circular economy,The circular economy promotes sustainability in IT by extending product life and reducing waste. These examples show how it can cut costs and align with environmental goals.,https://www.techtarget.com/sustainability/feature/Real-world-examples-of-the-circular-economy,2025-10-31T09:56:00Z,Techtarget.com
This Special Dining Experience In Crete Is Set Amongst The Olive Groves,"After establishing Acro Suites as a wellness-driven retreat, Elenoas was created as a way to honor Cretan traditions.",https://www.forbes.com/sites/rachel-dube/2025/10/31/this-special-dining-experience-in-crete-is-set-amongst-the-olive-groves/,2025-10-31T09:51:04Z,Forbes
NGOs accuse coffee giants of human rights abuses,Several NGOs have said they had filed a legal complaint in Germany accusing giant coffee companies of sourcing beans from suppliers that exploit workers and violate human rights.,https://www.hurriyetdailynews.com/ngos-accuse-coffee-giants-of-human-rights-abuses-215231,2025-10-31T09:41:20Z,Hurriyet Daily News
Batch Cannabis Scales to $50 Million,"""Once we dialed in our Meta ads and built a strong creative flywheel, everything took off,"" says co-founder Andy Gould.
The post Batch Cannabis Scales to $50 Million appeared first on Practical Ecommerce.",https://www.practicalecommerce.com/batch-cannabis-scales-to-50-million,2025-10-31T09:39:42Z,Practical Ecommerce
How Do We Rebuild After Trump?,"Many Trump critics are focused on what he is doing to our basic democratic compact. But there’s a reason that all the presidents who led us through our worst previous crises also had an aggressive program of reform—including public provision and ownership.
Th…",http://prospect.org/2025/10/31/how-do-we-rebuild-after-trump/,2025-10-31T09:30:00Z,The American Prospect
"Electronic Warfare Strategic Intelligence Report 2025: Analysis of Various Solutions, Programs and Projects Currently Under Development, As Well As the Impact of Emerging Technologies","The electronic warfare market is booming due to increased global defense investments and technological advancements like AI and machine learning. Opportunities arise from the demand for multi-functional EW products, diversification within supply chains, and t…",https://www.globenewswire.com/news-release/2025/10/31/3178176/28124/en/Electronic-Warfare-Strategic-Intelligence-Report-2025-Analysis-of-Various-Solutions-Programs-and-Projects-Currently-Under-Development-As-Well-As-the-Impact-of-Emerging-Technologies.html,2025-10-31T09:23:00Z,GlobeNewswire
Apple & Amazon Buoy Expectations & Xi's Supply Chain Warning | Daybreak Europe 10/31/2025,"Bloomberg Daybreak Europe is your essential morning viewing to stay ahead. Live from London, we set the agenda for your day, ...",https://biztoc.com/x/8221a946ff0bb8cc,2025-10-31T09:21:44Z,Biztoc.com
"Lenskart IPO subscribed 67% so far on Day 1, retail demand crosses 1x","At 2.15 pm, the qualified institutional buyers portion was subscribed at 0.76 times, non-institutional investors 0.26 times, retail category was booked 1.03 times, and the employee quota at 0.88 times",https://www.thehindubusinessline.com/markets/lenskart-ipo-subscribed-67-so-far-on-day-1-retail-demand-crosses-1x/article70224871.ece,2025-10-31T09:16:09Z,BusinessLine
"2 Day Virtual Supplier and Contract Manufacturer Management Course: Enhance Your Skills in Effectively Managing Supplier Relationships Throughout Their Lifecycle (Dec 3rd - Dec 4th, 2025)","Enhance supplier management skills with this comprehensive course. Learn to manage relationships, perform risk assessments, and develop quality agreements. Engage in practical exercises, create customized scorecards, and gain strategies for supplier performan…",https://www.globenewswire.com/news-release/2025/10/31/3178158/28124/en/2-Day-Virtual-Supplier-and-Contract-Manufacturer-Management-Course-Enhance-Your-Skills-in-Effectively-Managing-Supplier-Relationships-Throughout-Their-Lifecycle-Dec-3rd-Dec-4th-202.html,2025-10-31T09:07:00Z,GlobeNewswire
Why asset visibility matters in industrial cybersecurity,"Industrial organisations face rising operational security cyber threats. Asset visibility is vital for defence — without knowing what’s connected, organisations are risk blind",https://www.computerweekly.com/opinion/Why-asset-visibility-matters-in-industrial-cybersecurity,2025-10-31T09:06:00Z,ComputerWeekly.com
Oslo Innovation Week Showcases Scalable Climate Solutions,"From fermentation technologies to vertical farming and the electrification of tourism, Oslo Innovation Week spotlights the possibilities for scalable climate solutions.",https://www.forbes.com/sites/amynguyen/2025/10/31/oslo-innovation-week-showcases-scalable-climate-solutions/,2025-10-31T09:04:41Z,Forbes
"Prabowo urges stronger MSMEs, cooperation to build resilient APEC","President Prabowo Subianto emphasized that the empowerment of micro, small, and medium enterprises (MSMEs) and multilateral cooperation against cross-border ...",https://en.antaranews.com/news/389185/prabowo-urges-stronger-msmes-cooperation-to-build-resilient-apec,2025-10-31T09:04:35Z,Antaranews.com
Magna Announces Third Quarter 2025 Results,"AURORA, Ontario, Oct. 31, 2025 (GLOBE NEWSWIRE) -- Magna International Inc. (TSX: MG; NYSE: MGA) today reported financial results for the third quarter ended September 30, 2025.",https://www.globenewswire.com/news-release/2025/10/31/3178150/0/en/Magna-Announces-Third-Quarter-2025-Results.html,2025-10-31T09:00:00Z,GlobeNewswire
"Black Friday 2024 Review: Online Shopping Booms, Redefining Consumer Mindset and Marketing Strategy","From Temu to Amazon, FoxData helps you decode the new landscape of the app market and the key growth signals behind Black Friday.",https://foxdata.com/en/blogs/black-friday-2024-review-online-shopping-booms-redefining-consumer-mindset-and-marketing-strategy/,2025-10-31T08:50:25Z,Foxdata.com
VCI Global Announces $5 Million Registered Direct Offering Priced At-the-Market Under Nasdaq Rules,"KUALA LUMPUR, Malaysia, Oct. 31, 2025 (GLOBE NEWSWIRE) -- VCI Global Limited (NASDAQ: VCIG) (“VCI Global” or the “Company”) a leading provider of business and technology consulting services, today announced that it has entered into a definitive agreement with…",https://www.globenewswire.com/news-release/2025/10/31/3178145/0/en/VCI-Global-Announces-5-Million-Registered-Direct-Offering-Priced-At-the-Market-Under-Nasdaq-Rules.html,2025-10-31T08:30:00Z,GlobeNewswire
Indonesia pushes ethical AI agenda at 2025 APEC Summit,Indonesia emphasized the importance of ethical implementation of artificial intelligence (AI) during the 2025 Asia-Pacific Economic Cooperation (APEC) Summit ...,https://en.antaranews.com/news/389165/indonesia-pushes-ethical-ai-agenda-at-2025-apec-summit,2025-10-31T08:25:06Z,Antaranews.com
Taiwan plans to raise 2025 growth target as AI boom boosts Q3 figures,TAIPEI :Taiwan plans to raise its economic growth forecast this year to more than 5 per cent after the economy expanded by a better-than-expected rate in the third quarter given a strong performance by the crucial tech sector thanks to the AI boom.Taiwan's gr…,https://www.channelnewsasia.com/business/taiwan-plans-raise-2025-growth-target-ai-boom-boosts-q3-figures-5437581,2025-10-31T08:24:53Z,CNA
Eclipse Foundation Revokes Leaked Open VSX Tokens Following Wiz Discovery,"Eclipse Foundation, which maintains the open-source Open VSX project, said it has taken steps to revoke a small number of tokens that were leaked within Visual Studio Code (VS Code) extensions published in the marketplace.
The action comes following a report …",https://thehackernews.com/2025/10/eclipse-foundation-revokes-leaked-open.html,2025-10-31T08:02:00Z,Internet
"Whether the target is drugs or Maduro, U.S. could be hindering its own military with deadly boat strikes","An anonymous Pentagon employee and a retired air force colonel are expressing concerns this week that the U.S. focus on alleged drug-carrying boats in waters near Latin America could affect American military might around the world, and serve as a precedent fo…",https://www.cbc.ca/news/world/us-hegseth-three-deadly-boat-strikes-pacific-9.6959714,2025-10-31T08:00:00Z,CBC News
How Meta Is Using AI to Standardize and Cut Carbon Emissions,Meta has developed an AI-based approach to improve the quality of Scope 3 emissions estimates across its IT hardware supply chain. The method combines machine learning and generative models to classify hardware components and infer missing product carbon foot…,https://www.infoq.com/news/2025/10/meta-carbon-ai/,2025-10-31T08:00:00Z,InfoQ.com
Vite+ Unveiled with Unified Toolchain and Rust Powered Core,"Introducing Vite+ by VoidZero: a groundbreaking unified JavaScript toolchain enhancing the Vite ecosystem. With an all-in-one CLI for app scaffolding, testing, linting, and more, Vite+ delivers performance gains of up to 40x and enterprise features, all while…",https://www.infoq.com/news/2025/10/vite-plus-unveiled/,2025-10-31T08:00:00Z,InfoQ.com
"As Trump skips APEC, China's Xi fills the void with message on trade","China is stepping up as a champion of free trade and multilateral diplomacy. This comes as the U.S. focuses on protectionist policies and bilateral deals. China's leader Xi Jinping is attending regional summits, strengthening economic ties. This shift signals…",https://economictimes.indiatimes.com/news/international/world-news/as-trump-skips-apec-chinas-xi-fills-the-void-with-message-on-trade/articleshow/124988484.cms,2025-10-31T07:51:40Z,The Times of India
China’s Xi defends multilateralism at APEC after striking deal with Trump,Beijing is positioning itself as defender of free trade as US tariffs disrupt global economy and Trump skips summit.,https://www.aljazeera.com/news/2025/10/31/chinas-xi-defends-multilateralism-at-apec-after-striking-deal-with-trump,2025-10-31T07:36:22Z,Al Jazeera English
US’ Golden Gate move signals a likely shift in India strategy,"The US has granted India a six-month sanctions waiver for its operations at Iran's Chabahar Port, a move seen as a strategic concession amidst ongoing trade deal negotiations. This extension supports India's regional connectivity plans, particularly its gatew…",https://economictimes.indiatimes.com/news/economy/foreign-trade/chabahar-port-us-waiver-for-india-americas-golden-gate-move-signals-a-likely-shift-in-washingtons-india-play-amid-trump-tariffs-and-trade-deal-talks/articleshow/124987705.cms,2025-10-31T07:24:40Z,The Times of India
Tokyo Electron Gives Cautious Outlook in Warning on AI Optimism,"Operating income at Tokyo Electron, which competes against Applied Materials Inc., rose to ¥158.5 billion ($1 billion) in the September quarter, beating the ...",https://finance.yahoo.com/news/tokyo-electron-gives-cautious-outlook-072035517.html,2025-10-31T07:20:35Z,Yahoo Entertainment
"Trump-Xi ‘G2’ Meet | From Busan, a question: Is the chaos of trade wars subsiding?","The Trump-Xi meeting can be viewed as a positive step toward resolving issues through negotiations rather than confrontation. The US and China are systemic players, and conflicts between them have global repercussions",https://indianexpress.com/article/opinion/columns/trump-xi-g2-meet-busan-trade-war-10337589/,2025-10-31T07:19:39Z,The Indian Express
GE HealthCare (GEHC): Margin Jump to 10.9% Reinforces Bullish Sentiment on Quality of Earnings,"GE HealthCare Technologies (GEHC) posted a net profit margin of 10.9%, a notable improvement from 8.6% a year ago. This was supported by a 32.3% surge in...",https://finance.yahoo.com/news/ge-healthcare-gehc-margin-jump-071900357.html,2025-10-31T07:19:00Z,Yahoo Entertainment
"Europe braces, Honda halts output in widening Nexperia crisis","A deepening dispute over Nexperia, the China-backed semiconductor maker based in the Netherlands, has triggered a fresh global supply chain crisis for the auto industry. Following a Dutch government intervention that froze exports of its China-made chips, Eur…",https://www.digitimes.com/news/a20251030VL218/nexperia-europe-honda-production-vehicle.html,2025-10-31T07:14:10Z,Digitimes
Apple predicts return to growth as revenue dips in China,"Meanwhile, Amazon forecast quarterly revenue largely above Wall Street estimates",https://www.irishtimes.com/business/2025/10/31/apple-predicts-return-to-growth-as-revenue-dips-in-china/,2025-10-31T07:13:05Z,The Irish Times
SK Innovation Co Ltd (XKRX:096770) Q3 2025 Earnings Call Highlights: Strategic Moves and Market ...,SK Innovation Co Ltd (XKRX:096770) expands its North American ESS footprint and navigates market headwinds amid financial restructuring.,https://finance.yahoo.com/news/sk-innovation-co-ltd-xkrx-070037439.html,2025-10-31T07:00:37Z,Yahoo Entertainment
Data I/O Corp (DAIO) Q3 2025 Earnings Call Highlights: Strategic Expansion Amid Market Challenges,Data I/O Corp (DAIO) unveils new products and explores billion-dollar markets while navigating sales declines and global trade pressures.,https://finance.yahoo.com/news/data-o-corp-daio-q3-070027133.html,2025-10-31T07:00:27Z,Yahoo Entertainment
"Toyota Tsusho raises FY profit forecast on supply chain, Africa units","TOKYO :Japan's Toyota Tsusho on Friday raised its full fiscal year profit forecast by 20 billion yen to 360 billion yen ($2.4 billion) on stronger growth in its supply chain and Africa divisions, and also promised a higher dividend payout.The company, a membe…",https://www.channelnewsasia.com/business/toyota-tsusho-raises-fy-profit-forecast-supply-chain-africa-units-5437461,2025-10-31T06:48:06Z,CNA
Top India solar exporter rejigs supply chain to bypass US tariff,"India's top solar maker, Waaree Energies, is reconfiguring its supply chain to bypass steep US import tariffs. The company is sourcing solar cells from countries with low export tariffs to the US, aiming to continue supplying its largest market. This strategy…",https://economictimes.indiatimes.com/industry/renewables/waaree-energies-top-india-solar-exporter-rejigs-supply-chain-to-bypass-us-trump-tariff/articleshow/124986778.cms,2025-10-31T06:41:59Z,The Times of India
2025WSTDF–Green H₂ Forum Held at Beijing,"From October 27 to 29, 2025, the 2025 World Science and Technology Development Forum, themed “AI for Science and Development (AI4SD)”, was held in Beijing.",https://www.globenewswire.com/news-release/2025/10/31/3178106/0/en/2025WSTDF-Green-H-Forum-Held-at-Beijing.html,2025-10-31T06:39:00Z,GlobeNewswire
GRMC’s Rachelle Borja bags American Society for Health Care Engineering award,"Rachelle Borja, the Guam Regional Medical City’s director of support services, has been selected by the American Society for Health Care Engineering as the 2025 Region 10 Emerging Regional Leader",https://www.guampdn.com/news/grmc-s-rachelle-borja-bags-american-society-for-health-care-engineering-award/article_7083fb04-a516-4b32-b182-59a0533d03c8.html,2025-10-31T06:31:32Z,Guampdn.com
CNBC Daily Open: Ghosts of gains past for markets this Halloween,"Investors were spooked by some Big Tech capex plans, with all three major indexes falling Thursday.",https://www.cnbc.com/2025/10/31/cnbc-daily-open-ghosts-of-gains-past-for-markets-this-halloween.html,2025-10-31T06:31:00Z,CNBC
Studds Accessories IPO: Should you subscribe?,"Discover whether to subscribe to Studds Accessories' IPO, highlighting strong margins and brand potential amid transitional challenges.",https://www.thehindubusinessline.com/portfolio/stock-fundamental-analysis-india/studds-accessories-ipo-should-you-subscribe/article70224388.ece,2025-10-31T06:29:23Z,BusinessLine
"Shakthi Thirumagan script theft allegation: I have all the proofs to validate my authorship, says Arun Prabhu",The director clarifies that he chose not to respond earlier because he wanted to wait for an official inquiry.,https://timesofindia.indiatimes.com/entertainment/tamil/movies/news/shakthi-thirumagan-script-theft-allegation-i-have-all-the-proofs-to-validate-my-authorship-says-arun-prabhu/articleshow/124986423.cms,2025-10-31T06:13:10Z,The Times of India
AICWA demands probe into fake audition kidnapping case; Questions R.A. Studio’s role; Urges Government action,"The All Indian Cine Workers Association (AICWA) has demanded an immediate investigation into a shocking kidnapping incident linked to a fake audition held at R.A. Studio in Mumbai's Powai area, where nearly 20 aspiring artists were allegedly abducted before b…",https://timesofindia.indiatimes.com/entertainment/hindi/bollywood/news/aicwa-demands-probe-into-fake-audition-kidnapping-case-questions-r-a-studios-role-urges-government-action/articleshow/124986201.cms,2025-10-31T06:10:35Z,The Times of India
Bihar’s glass half full. Half empty & still filling,"India News: It’s easy to be overwhelmed by grim statistics, especially when it comes to Bihar. It’s at the bottom of most development indicators when compared wit.",https://timesofindia.indiatimes.com/india/bihars-glass-half-full-half-empty-still-filling/articleshow/124985902.cms,2025-10-31T06:10:06Z,The Times of India
"Samsung Strikes a Crucial Deal with NVIDIA For Next-Gen HBM4 AI Memory, Validating Its Process as the Industry’s Fastest With 11 Gbps Speeds","Samsung has secured a crucial 'HBM4 supply' deal with NVIDIA, as both firms announce their collaboration on cutting-edge technologies to drive the AI hype. Samsung's HBM4 Modules Manage to Surpass JEDEC Processing Speed Standards, Leading to a Pivotal Adoptio…",https://wccftech.com/samsung-strikes-a-crucial-deal-with-nvidia-for-next-gen-hbm4-ai-memory/,2025-10-31T06:01:22Z,Wccftech
Top India Solar Exporter Rejigs Supply Chain to Bypass US Tariff,,https://biztoc.com/x/f6fc09be883ec073,2025-10-31T06:00:33Z,Biztoc.com
US-China find temporary truce: What it means for India and global markets,"A recent US-China meeting signals a pause in trade tensions, with experts noting a shift in power dynamics. While not a clear win for the US, the outcome suggests ongoing concessions and a move towards negotiation as equals. This development could impact Indi…",https://economictimes.indiatimes.com/markets/expert-view/us-china-find-temporary-truce-what-it-means-for-india-and-global-markets/articleshow/124986167.cms,2025-10-31T05:59:23Z,The Times of India
"‘Let’s Change' programme, Rs 2 crore dues, moral demands: Why Rohit Aarrya pulled off Mumbai hostage showdown","A social entrepreneur, Rohit Aarrya, held 17 children and others hostage in a Mumbai studio after feeling betrayed by the government over his civic initiative. The standoff ended in a police shootout, with Aarrya dead and the hostages rescued. His actions ste…",https://timesofindia.indiatimes.com/city/mumbai/lets-change-programme-rs-2-crore-dues-moral-demands-why-rohit-aarrya-pulled-off-mumbai-hostage-showdown/articleshow/124985191.cms,2025-10-31T05:57:26Z,The Times of India
China's Xi promises to protect free trade at APEC as Trump snubs major summit,Chinese leader Xi Jinping told Asia-Pacific leaders his country would help to defend global free trade as U.S. President Donald Trump snubbed an annual economic regional forum,https://abcnews.go.com/Business/wireStory/chinas-xi-promises-protect-free-trade-apec-trump-127042960,2025-10-31T05:17:28Z,ABC News
China's Xi promises to protect free trade at APEC as Trump snubs major summit,Chinese leader Xi Jinping told Asia-Pacific leaders his country would help to defend global free trade as U.S. President Donald Trump snubbed an annual economic regional forum,https://abcnews.go.com/International/wireStory/chinas-xi-promises-protect-free-trade-apec-trump-127042958,2025-10-31T05:17:26Z,ABC News
Italy’s FORZA10 turns invasive blue crab into sustainable cat food with a patriotic twist,"Italian pet food company FORZA10 has launched FIL BLU, a wet cat food that transforms an environmental crisis into a gourmet meal. The product features blue crab, an invasive North American species that has colonized Italy's Adriatic Sea, devastating local ma…",https://www.trendwatching.com/innovations/italys-forza10-turns-invasive-blue-crab-into-sustainable-cat-food-with-a-patriotic-twist,2025-10-31T05:15:00Z,Trendwatching.com
Apple announces record revenue in India in September quarter,"Overall, the company reported a quarterly revenue of $102.5 billion, a growth of 8 per cent annually and 8.9 per cent sequentially",https://www.thehindubusinessline.com/info-tech/apple-announces-record-revenue-in-india-in-september-quarter/article70224283.ece,2025-10-31T05:09:24Z,BusinessLine
Are You Planning To Subscribe To LensKart IPO? Here Are The Key Risks RHP Has Flagged,"LensKart Ltd.'s initial public offer opened for subscription on Friday and will conclude on Tuesday. A day before, its grey market premium plunged because of valuation concerns. The eyewear company's valuation is pegged at Rs 70,000 crore, which analysts foun…",https://www.ndtvprofit.com/ipos/are-you-planning-to-subscribe-to-lenskart-ipo-here-are-the-key-risks-rhp-has-flagged,2025-10-31T05:03:18Z,Ndtvprofit.com
AI And Web3 Drive Dubai’s Quest For 30 Unicorns By 2030,"AI is fueling Dubai’s 2030 vision to create 30 unicorns across sectors, positioning the city as a global hub for innovation, entrepreneurship, and smart growth.",https://www.forbes.com/sites/digital-assets/2025/10/31/ai-and-web3-drive-dubais-quest-for-30-unicorns-by-2030/,2025-10-31T05:00:53Z,Forbes
"China's Xi urges Asian nations to keep supply chains stable, work together during ‘turbulent’ times","A day after securing a deal for rollback of U.S. tariffs, Chinese President Xi Jinping called on Asia-Pacific countries to support free trade, and maintain supply chain stability.
""The more turbulent the times, the more we must work together,"" Xi said in a Ch…",https://biztoc.com/x/dd85275c4ce84ab0,2025-10-31T04:32:04Z,Biztoc.com
"China's Xi urges Asian nations to keep supply chains stable, work together during ‘turbulent’ times",Chinese President Xi Jinping played up how Beijing is a proponent of stable supply chains and free trade in a speech Friday.,https://www.cnbc.com/2025/10/31/chinas-xi-urges-asian-nations-to-keep-supply-chains-stable-work-together-during-turbulent-times.html,2025-10-31T04:24:36Z,CNBC
"Foxconn deepens AI collaboration with Nvidia, commits over US$1 billion to AI infrastructure","As the global wave of generative artificial intelligence (GenAI) surges, Nvidia CEO Jensen Huang has positioned the company's AI strategy as an industry benchmark, with the annual GPU Technology Conference (GTC) emerging as a critical platform for technology …",https://www.digitimes.com/news/a20251031PD202/foxconn-nvidia-ai-infrastructure-genai-gtc.html,2025-10-31T04:15:37Z,Digitimes
The Great Resignation is over — unless you’re a retail CEO,"More than 1,500 chief executives have left their posts so far this year through August, up 4% from last year.",http://digiday.com/marketing/the-great-resignation-is-over-unless-youre-a-retail-ceo/,2025-10-31T04:01:00Z,Digiday
Inside the ‘grand bargain’ to reconcile ad tech’s warring middlemen,"Debate around transparency in ad auctions has rumbled on for months following Prebid's August TID update, here's how some hope to resolve it",http://digiday.com/media-buying/inside-the-grand-bargain-to-reconcile-ad-techs-warring-middlemen/,2025-10-31T04:01:00Z,Digiday
"Orkla India IPO Day 3: Check GMP, strong subscription and analyst views. Should you subscribe","Orkla India's Rs 1,667 crore IPO saw strong investor interest, subscribed 2.70 times by Day 2. Retail and Non-Institutional Investors showed robust participation, while QIBs were at 6%. The stock is trading at a 9.5% grey market premium, indicating a potentia…",https://economictimes.indiatimes.com/markets/ipos/fpos/orkla-india-ipo-day-3-check-gmp-strong-subscription-and-analyst-views-should-you-subscribe/articleshow/124983098.cms,2025-10-31T04:00:51Z,The Times of India
WSJ talks ‘easing’ housing prices as Trump continues to ship out illegals,"After years of the media and other Democrats claiming that a massive influx of illegal migrants didn’t cause inflationary fallout, the Wall Street Journal, via Breitbart, finally admits that additional demand does indeed cause prices to ri...",https://www.americanthinker.com/blog/2025/10/wsj_talks_easing_housing_prices_as_trump_continues_to_ship_out_illegals.html,2025-10-31T04:00:00Z,Americanthinker.com
Lenskart IPO asking 235 times more for every Rs 1 it earns. Is it too much for investors to pay?,"Lenskart's IPO is here, seeking a high valuation. The eyewear giant shows impressive growth and profitability. Its strong market position and innovative model are key strengths. Investors are weighing the premium price against future potential. The company ai…",https://economictimes.indiatimes.com/markets/ipos/fpos/lenskart-ipo-asking-235-times-more-for-every-rs-1-it-earns-is-it-too-much-for-investors-to-pay/articleshow/124983011.cms,2025-10-31T03:57:55Z,The Times of India
"Pixalate Releases Q3 2025 APAC Supply-Side Platform (SSP) Market Share Rankings for Mobile Apps & Web: Verve Leads in Singapore (41%) and India (37%) on Apple App Store, Google Ad Exchange No. 1 on Google Play Store (49%) in Japan",Pixalate Releases Q3 2025 APAC Supply-Side Platform (SSP) Market Share Rankings for Mobile Apps & Web......,https://www.globenewswire.com/news-release/2025/10/31/3178073/0/en/Pixalate-Releases-Q3-2025-APAC-Supply-Side-Platform-SSP-Market-Share-Rankings-for-Mobile-Apps-Web-Verve-Leads-in-Singapore-41-and-India-37-on-Apple-App-Store-Google-Ad-Exchange-No-.html,2025-10-31T03:55:00Z,GlobeNewswire
Tesla Hiring In India: Vacancies Open For 34 Job Positions - Check Details,"Presently, Tesla has 34 active job openings listed on its official recruitment portal. This hiring spree, detailed at hire-r1.mokahr.com, cuts across eight different departments such as supply chain, AI and engineering, charging, sales and operations.",https://www.ndtvprofit.com/auto/tesla-hiring-in-india-vacancies-open-for-34-job-positions-check-details,2025-10-31T03:49:06Z,Ndtvprofit.com
APEC sees stronger 2025 growth at 3.1 percent but warns of rising debt,"The economy in the APEC region is expected to strengthen with a growth rate of 3.1 percent in 2025, supported by resilient trade activity and robust demand ...",https://en.antaranews.com/news/389117/apec-sees-stronger-2025-growth-at-31-percent-but-warns-of-rising-debt,2025-10-31T03:28:17Z,Antaranews.com
Taobao Instant Commerce to launch ‘Taobao Convenience Store’ chain,"Taobao Instant Commerce, Alibaba’s quick commerce unit, is set to launch a new retail brand called “Taobao Convenience Store” (our translation), LatePost reported. The stores will operate 24 hours a day and offer around 10,000 SKUs across categories such as g…",http://technode.com/2025/10/31/taobao-instant-commerce-to-launch-taobao-convenience-store-chain/,2025-10-31T03:11:00Z,TechNode
"Lenskart IPO opens today: Check GMP, brokerages review, subscription and other details","Lenskart, India's leading eyewear retailer, launched its Rs 7,278 crore IPO today, aiming to expand its omnichannel presence. With strong financial turnaround and a growing market, the company is poised for significant growth. Analysts suggest a long-term inv…",https://economictimes.indiatimes.com/markets/ipos/fpos/lenskart-ipo-opens-today-check-gmp-brokerages-review-subscription-and-other-details/articleshow/124980731.cms,2025-10-31T02:40:51Z,The Times of India
Jim Cramer on Celestica: “My Only Worry is Maybe It’s Too Late to Buy”,"Celestica Inc. (NYSE:CLS) is one of the stocks Jim Cramer recently talked about. Cramer highlighted the stock’s strong performance during the year, as he...",https://finance.yahoo.com/news/jim-cramer-celestica-only-worry-023012254.html,2025-10-31T02:30:12Z,Yahoo Entertainment
Jim Cramer Highlights Why UPS Reported “Much Better Than Expected Earnings”,"United Parcel Service, Inc. (NYSE:UPS) is one of the stocks Jim Cramer recently talked about. Cramer discussed the impact of the company’s earnings, as he...",https://finance.yahoo.com/news/jim-cramer-highlights-why-ups-023004844.html,2025-10-31T02:30:04Z,Yahoo Entertainment
China's rare earth export delay offers US chance to weaken Beijing's grip on market,China's pause on new rare earth export curbs provides a year for the US and its allies. This allows them to strengthen their own production and processing. Investments are being made in domestic rare earth industries. Efforts are underway to diversify supply …,https://economictimes.indiatimes.com/news/international/world-news/chinas-rare-earth-export-delay-offers-us-chance-to-weaken-beijings-grip-on-market/articleshow/124980133.cms,2025-10-31T02:20:30Z,The Times of India
"Reliance, HDFC Bank, TCS, Tata Motors, Orchid Pharma, MTAR Tech, LTI Mindtree in focus today: Oct 31, 2025","Key updates on Reliance, HDFC Bank, TCS, and more, highlighting strategic partnerships, order wins, and company developments on October 31, 2025.",https://www.thehindubusinessline.com/markets/reliance-hdfc-bank-tcs-tata-motors-orchid-pharma-mtar-tech-lti-mindtree-in-focus-today-oct-31-2025/article70222668.ece,2025-10-31T02:16:20Z,BusinessLine
"Lenskart IPO Live Updates: Lenskart IPO opens today: Check GMP, brokerage views, subscription status and other key details here","Lenskart IPO GMP Live Updates: Lenskart Solutions, India’s largest eyewear retailer, will launch its ₹7,278 crore initial public offering (IPO) for public subscription today. The issue, which will remain open until November 4, is priced in the range of ₹382–₹…",https://m.economictimes.com/markets/stocks/live-blog/lenskart-ipo-gmp-grey-market-premium-subscription-status-price-band-share-price-listing-date-expert-review-stock-market-news/liveblog/124979802.cms,2025-10-31T02:10:17Z,Economictimes.com
Compal to expand server manufacturing in Texas,"Compal Electronics' wholly owned subsidiary, Compal US Technology (CUT), has secured board approval to lease new facilities in Taylor and Georgetown, Texas. The move aims to reinforce Compal's North American market presence and improve supply chain robustness…",https://www.digitimes.com/news/a20251031PD204/compal-subsidiary-texas-manufacturing-expansion.html,2025-10-31T02:04:28Z,Digitimes
U.S. Names Samarium As Most Vulnerable Critical Mineral,A rare earth metal called samarium that is used in defense and cancer treatments has been named by the U.S. as the weakest link in the critical mineral supply chain.,https://www.forbes.com/sites/noelfletcher/2025/10/30/us-names-samarium-as-most-vulnerable-critical-mineral/,2025-10-31T01:51:21Z,Forbes
APEC leaders to open summit after Trump and Xi agreed on steps to ease trade tensions,"Asian and Pacific Rim leaders convene for the APEC summit, with the recent Trump-Xi trade war de-escalation taking center stage. While a trade truce was welcomed, the forum aims to address broader regional challenges like strategic competition and supply chai…",https://economictimes.indiatimes.com/news/international/world-news/apec-leaders-to-open-summit-after-trump-and-xi-agreed-on-steps-to-ease-trade-tensions/articleshow/124978600.cms,2025-10-31T01:28:28Z,The Times of India
Feds arrest dozens of illegal aliens in sweeping New Jersey workplace raid,"Federal agents detained 46 undocumented workers at a New Jersey freight facility in major DHS immigration raid, marking 22% of the warehouse workforce.",https://www.foxnews.com/us/feds-arrest-dozens-illegal-aliens-sweeping-new-jersey-workplace-raid,2025-10-31T01:08:07Z,Fox News
Amazon’s US$125B AI supply chain: custom chips and terawatt ambitions,"Amazon highlighted its growing investments in artificial intelligence (AI) and cloud infrastructure during its third-quarter 2025 earnings call, underscoring a significant acceleration in Amazon Web Services (AWS) growth. Executives emphasized AI as a strateg…",https://www.digitimes.com/news/a20251031VL205/amazon-aws-infrastructure-growth-chips.html,2025-10-31T00:53:17Z,Digitimes
APEC leaders to open summit after Trump and Xi agreed on steps to ease trade tensions,"GYEONGJU, South Korea (AP) — Leaders of 21 Asian and Pacific Rim nations were set to open their annual summit Friday to discuss how to promote economic cooperation and tackle shared challenges, a day after President Donald Trump and Chinese President Xi Jinpi…",https://financialpost.com/pmn/apec-leaders-to-open-summit-after-trump-and-xi-agreed-on-steps-to-ease-trade-tensions,2025-10-31T00:37:14Z,Financial Post
This Pune firm cracks rare earth code—but India’s magnet shortage persists,"The firm has launched India's first rare earth metals plant, producing 15 tonnes monthly. This step supports self-reliance in critical materials but highlights India's reliance on imports for high-powered magnets.&nbsp;",https://www.livemint.com/industry/ashvini-magnets-rare-earth-code-magnet-shortage-vikram-dhoot-neodymium-praseodymium-china-barc-irel-japan-evs-11761829353952.html,2025-10-31T00:30:06Z,Livemint
Stepan (SCL) Low Valuation and Forecasted 53% Earnings Growth Challenge Bearish Narratives,"Stepan (SCL) reported that its earnings have fallen at an average rate of 26.1% per year over the past five years, while its net profit margin currently sits...",https://finance.yahoo.com/news/stepan-scl-low-valuation-forecasted-001558972.html,2025-10-31T00:15:58Z,Yahoo Entertainment
Sellafield Ltd awards high hazard risk reduction framework contract,Sellafield Ltd awards framework with a total value of £4.6 billion to support high hazard risk reduction.,https://www.gov.uk/government/news/sellafield-ltd-awards-high-hazard-risk-reduction-framework-contract,2025-10-31T00:01:06Z,Www.gov.uk
Supermajors Bet Big on Long-Term Oil Demand,"The world’s largest international oil firms are ramping up production even as crude prices have weakened this year and global supply growth continues to outpace the demand increase, setting the stage for a glut in the coming months.   The European majors are …",https://oilprice.com/Energy/Crude-Oil/Supermajors-Bet-Big-on-Long-Term-Oil-Demand.html,2025-10-31T00:00:00Z,OilPrice.com
"Slimboy flat: Apple, Samsung slow production, offer discounts, halt launches as lightweight models fail to get off the ground","Retailers ET spoke to said initially, the iPhone Air— Apple's thinnest smartphone ever—contributed about 8-10% of the latest iPhone 17 series sales. The share however subsequently slipped to 2-3% during the peak festive period at a time when smartphone demand…",https://economictimes.indiatimes.com/industry/cons-products/electronics/slimboy-flat-apple-samsung-slow-production-offer-discounts-halt-launches-as-lightweight-models-fail-to-get-off-the-ground/articleshow/124968586.cms,2025-10-31T00:00:00Z,The Times of India
Clinical characteristics of pediatric epilepsy in Palestine: a cross-sectional study,"Background Epilepsy, a prevalent neurological disorder in children, is characterized by recurrent unprovoked seizures and developmental challenges. Although pediatric epilepsy is well-studied globally, research in Palestine is limited, which affects targeted …",https://bmcneurol.biomedcentral.com/articles/10.1186/s12883-025-04447-3,2025-10-31T00:00:00Z,Biomedcentral.com
Supermajors Bet Big on Long-Term Oil Demand,"Despite weaker crude prices and a looming supply glut, major oil companies are significantly increasing production, betting on long-term demand and investing...",https://finance.yahoo.com/news/supermajors-bet-big-long-term-000000772.html,2025-10-31T00:00:00Z,Yahoo Entertainment
Integrating event information and multi dimensional relationships for improved financial time series forecasting,Scientific Reports - Integrating event information and multi dimensional relationships for improved financial time series forecasting,https://www.nature.com/articles/s41598-025-22926-y,2025-10-31T00:00:00Z,Nature.com
"OpenAI unveils Aardvark, an autonomous GPT-5 agent built to hunt software vulnerabilities","OpenAI Group PBC today unveiled Aardvark, a new GPT-5-powered autonomous artificial intelligence agent designed to identify, verify and help fix software vulnerabilities in real time. Pitched by OpenAI as representing a “breakthrough in AI and security resear…",https://siliconangle.com/2025/10/30/openai-unveils-aardvark-autonomous-gpt-5-agent-built-hunt-software-vulnerabilities/,2025-10-30T23:38:32Z,SiliconANGLE News
Bank of America revamps Nvidia stock price after meeting with CFO,"Nvidia riding on the artificial intelligence wave, made a historic accomplishment on October 29 as the first company to reach $5 trillion in market value...",https://www.thestreet.com/investing/stocks/bank-of-america-revamps-nvidia-stock-price-after-meeting-with-cfo,2025-10-30T23:37:00Z,TheStreet
AI Transforming the Machinery Industry Through Manufacturing Execution Systems (MES),"Delray Beach, FL, Oct. 30, 2025 (GLOBE NEWSWIRE) -- Artificial Intelligence (AI) has become a defining force in the machinery and manufacturing sectors, reshaping how production systems are managed, optimized, and scaled. Among all digital transformation tool…",https://www.globenewswire.com/news-release/2025/10/30/3178044/0/en/AI-Transforming-the-Machinery-Industry-Through-Manufacturing-Execution-Systems-MES.html,2025-10-30T23:30:00Z,GlobeNewswire
세부 사항 부족과 미중 합의 확실성,"US President Donald Trump and Chinese President Xi Jinping agreed to extend a tariff truce, roll back export controls and reduce other trade barriers in a landmark summit.@EngleTV outlines the key outcomes from the meeting https://t.co/QI4JVcQj9i pic.twitter.…",https://ryueyes11.tistory.com/511955,2025-10-30T23:29:53Z,Tistory.com
Apple results: Holiday dunks and questions dodged,"Tim Cook signals for victory!
On the day that Apple announces its quarterly fiscal results, as it did on Thursday, there’s a little ritual that happens down in Cupertino: Financial journalists get a pre-briefing about the results from Tim Cook, and they rush …",https://sixcolors.com/post/2025/10/apple-results-holiday-dunks-and-questions-dodged/,2025-10-30T23:28:05Z,sixcolors.com
